选股日,代码,名称,收益率%,总分,分组,趋势分,资金分,板块分,筹码分,大盘分,买入日,买入价,卖出日,卖出价,高开%,来源,结果
20260513,002825,纳尔股份,-4.18,60.0,B,10,25,6,9,10,20260514,11.24,20260515,10.77,+2.09,涨停热点,❌
20260513,002409,雅克科技,1.84,61.0,B,4,21,11,-2,10,20260514,107.00,20260515,108.97,+3.63,涨停热点,✅
20260514,002165,红 宝 丽,2.97,62.0,B,10,22,10,10,10,20260515,9.42,20260518,9.70,+0.32,涨停热点,✅
20260514,002971,和远气体,11.44,61.0,B,4,22,10,-2,10,20260515,36.79,20260518,41.00,-1.79,涨停热点,✅
20260515,002971,和远气体,-7.49,61.0,B,4,20,10,2,10,20260518,41.00,20260519,37.93,-0.51,涨停热点,❌
20260518,000571,新大洲A,0.85,61.0,B,10,25,3,5,10,20260519,5.91,20260520,5.96,+1.20,涨停热点,✅
20260518,002552,宝鼎科技,0.36,60.0,B,1,22,10,2,10,20260519,38.39,20260520,38.53,+8.63,涨停热点,✅
20260519,603989,艾华集团,3.39,64.0,B,1,24,12,2,10,20260520,24.76,20260521,25.60,+2.31,涨停热点,✅
20260519,000636,风华高科,4.09,63.0,B,4,22,12,-3,10,20260520,33.50,20260521,34.87,+3.49,涨停热点,✅
20260520,603005,晶方科技,-10.75,62.0,B,4,25,15,-6,10,20260521,40.45,20260522,36.10,+9.92,涨停热点,❌
20260520,603986,兆易创新,0.67,62.0,B,1,21,15,-6,10,20260521,445.02,20260522,448.00,+0.00,涨停热点,✅
20260522,002463,沪电股份,1.55,64.0,B,5,22,12,-2,10,20260525,121.02,20260526,122.90,+6.09,涨停热点,✅
20260522,600172,黄河旋风,10.78,61.0,B,-5,19,10,7,10,20260525,11.50,20260526,12.74,+4.64,涨停热点,✅
20260522,603186,华正新材,1.60,60.0,B,1,22,12,-3,10,20260525,124.00,20260526,125.99,+0.13,涨停热点,✅
20260522,600888,新疆众和,0.93,60.0,B,4,23,6,2,10,20260525,10.74,20260526,10.84,+4.17,涨停热点,✅
20260525,600584,长电科技,4.22,64.0,B,1,21,17,-2,10,20260526,83.00,20260527,86.50,+3.53,涨停热点,✅
20260525,002409,雅克科技,-0.43,63.0,B,1,20,17,-2,10,20260526,125.54,20260527,125.00,-2.04,涨停热点,❌
20260525,002552,宝鼎科技,7.60,60.0,B,1,24,10,-3,10,20260526,44.61,20260527,48.00,+1.85,涨停热点,✅
20260528,603757,大元泵业,-6.80,63.0,B,-5,19,12,7,10,20260529,58.50,20260601,54.52,+0.34,涨停热点,❌
20260528,600360,华微电子,-4.74,61.0,B,5,25,11,2,10,20260529,12.65,20260601,12.05,+3.01,涨停热点,❌
20260529,000608,阳光股份,8.59,63.0,B,4,19,13,2,10,20260601,4.54,20260602,4.93,-0.87,涨停热点,✅
20260602,002137,实益达,0.49,62.0,B,11,25,6,2,10,20260603,10.16,20260604,10.21,+7.51,涨停热点,✅
20260603,002965,祥鑫科技,1.86,61.0,B,-5,19,10,7,10,20260604,36.00,20260605,36.67,+1.41,涨停热点,✅
20260604,002971,和远气体,0.75,63.0,B,-5,25,0,13,10,20260605,38.61,20260608,38.90,+3.26,涨停热点,✅
20260604,003043,华亚智能,0.77,63.0,B,5,18,15,-2,10,20260605,67.41,20260608,67.93,-0.24,涨停热点,✅
20260604,002520,日发精机,-0.64,61.0,B,-5,25,10,8,10,20260605,6.21,20260608,6.17,-0.80,涨停热点,❌
20260604,002213,大为股份,-5.45,60.0,B,-5,25,15,10,10,20260605,38.00,20260608,35.93,-1.53,涨停热点,❌
20260605,001256,炜冈科技,0.49,60.0,B,1,18,13,10,10,20260608,24.73,20260609,24.85,-0.36,涨停热点,✅
20260605,000759,中百集团,3.34,60.0,B,-5,22,3,10,10,20260608,5.98,20260609,6.18,+4.91,涨停热点,✅
20260605,002631,德尔未来,12.22,64.0,B,-5,20,6,13,10,20260608,7.20,20260609,8.08,-3.36,涨停热点,✅
20260610,002208,合肥城建,-3.27,63.0,B,-5,25,6,14,10,20260611,16.50,20260612,15.96,-1.43,涨停热点,❌
20260610,002119,康强电子,18.28,61.0,B,4,22,17,-3,10,20260611,29.00,20260612,34.30,+2.26,涨停热点,✅
20260610,003043,华亚智能,3.10,61.0,B,1,23,17,2,10,20260611,80.99,20260612,83.50,+0.46,涨停热点,✅
20260610,002165,红 宝 丽,-3.63,61.0,B,-5,25,12,14,10,20260611,7.72,20260612,7.44,+5.75,涨停热点,❌
20260610,003026,中晶科技,-1.41,60.0,B,-5,25,17,5,10,20260611,36.86,20260612,36.34,+1.99,涨停热点,❌
20260610,601678,滨化股份,-1.38,60.0,B,-5,22,3,10,10,20260611,5.81,20260612,5.73,+2.83,涨停热点,❌
20260611,002165,红 宝 丽,0.94,61.0,B,-5,20,15,16,10,20260612,7.44,20260615,7.51,-7.35,涨停热点,✅
20260611,002119,康强电子,-6.68,63.0,B,4,24,17,-6,10,20260612,34.30,20260615,32.01,+9.94,涨停热点,❌
20260612,000751,锌业股份,1.92,60.0,B,-5,25,12,5,10,20260615,5.20,20260616,5.30,+2.16,涨停热点,✅
20260612,600961,株冶集团,0.12,60.0,B,-5,25,12,5,10,20260615,25.97,20260616,26.00,+2.20,涨停热点,✅
20260612,600531,豫光金铅,1.74,64.0,B,-5,25,12,9,10,20260615,13.20,20260616,13.43,+0.84,涨停热点,✅
20260615,002440,闰土股份,-3.52,62.0,B,7,22,6,2,10,20260616,9.93,20260617,9.58,-0.50,涨停热点,❌
20260615,002137,实益达,-4.63,60.0,B,-5,25,10,7,10,20260616,10.15,20260617,9.68,+0.30,涨停热点,❌
20260622,605069,正和生态,5.97,62.0,B,-5,25,6,13,10,20260623,13.40,20260624,14.20,+10.02,涨停热点,✅
20260622,002440,闰土股份,-1.43,60.0,B,4,25,12,1,10,20260623,11.20,20260624,11.04,+1.91,涨停热点,❌
20260623,603466,风语筑,1.88,60.0,B,-5,25,0,10,10,20260624,10.65,20260625,10.85,-0.37,涨停热点,✅
20260624,605277,新亚电子,-1.76,60.0,B,-5,22,11,17,10,20260625,19.30,20260626,18.96,-1.03,涨停热点,❌
20260625,603956,威派格,5.15,60.0,B,-5,16,6,13,10,20260626,5.83,20260629,6.13,+10.00,涨停热点,✅
20260629,600129,太极集团,3.52,64.0,B,-5,16,10,13,10,20260630,13.05,20260701,13.51,+0.00,涨停热点,✅
20260629,002693,双成药业,3.88,62.0,B,1,25,12,6,10,20260630,9.02,20260701,9.37,-0.99,涨停热点,✅
20260629,000759,中百集团,0.80,61.0,B,-5,25,6,5,10,20260630,6.26,20260701,6.31,-0.79,涨停热点,✅
20260630,603991,领先股份,7.40,61.0,B,4,22,17,-2,10,20260701,139.66,20260702,150.00,-1.06,涨停热点,✅
20260630,002808,恒久退,13.64,61.0,B,-5,22,12,17,10,20260701,0.22,20260702,0.25,+4.76,涨停热点,✅
20260630,001358,兴欣新材,5.29,61.0,B,8,22,12,6,10,20260701,25.72,20260702,27.08,-0.46,涨停热点,✅
20260630,603120,肯特催化,3.53,62.0,B,-5,25,12,7,10,20260701,55.50,20260702,57.46,+4.03,涨停热点,✅
20260630,603823,百合花,-1.32,62.0,B,4,21,12,-3,10,20260701,57.00,20260702,56.25,+4.45,涨停热点,❌
20260630,002587,奥拓电子,-4.51,62.0,B,14,0,12,11,10,20260701,7.76,20260702,7.41,+0.00,涨停热点,❌
20260701,002981,朝阳科技,-1.36,64.0,B,-5,17,8,14,10,20260702,19.90,20260703,19.63,-1.87,涨停热点,❌
20260701,002458,益生股份,4.23,64.0,B,5,22,10,2,10,20260702,9.21,20260703,9.60,+7.72,涨停热点,✅
20260701,002329,皇氏集团,1.35,63.0,B,-5,22,0,16,10,20260702,2.96,20260703,3.00,+0.68,涨停热点,✅
20260701,002826,易明医药,19.94,62.0,B,8,15,15,6,10,20260702,16.50,20260703,19.79,-0.18,涨停热点,✅
20260701,002440,闰土股份,-3.42,62.0,B,8,21,15,-3,10,20260702,11.40,20260703,11.01,+1.06,涨停热点,❌
20260701,002982,湘佳股份,2.80,61.0,B,-5,25,10,8,10,20260702,11.79,20260703,12.12,+1.55,涨停热点,✅
20260702,001317,三羊马,3.67,60.0,B,-5,23,0,12,10,20260703,46.00,20260706,47.69,+4.47,涨停热点,✅
20260706,603118,共进股份,2.94,61.0,B,7,21,6,2,10,20260707,12.93,20260708,13.31,-3.65,涨停热点,✅
20260707,001206,依依股份,0.76,60.0,B,5,25,0,5,10,20260708,19.82,20260709,19.97,+1.43,涨停热点,✅
20260708,000759,中百集团,0.46,64.0,B,14,25,0,7,10,20260709,6.48,20260710,6.51,+0.00,涨停热点,✅
20260708,600602,云赛智联,1.21,63.0,B,-5,16,13,9,10,20260709,16.48,20260710,16.68,+0.61,涨停热点,✅
20260709,605358,立昂微,-6.26,62.0,B,-5,18,17,14,10,20260710,64.01,20260713,60.00,+0.38,涨停热点,❌
20260710,003001,中岩大地,-2.74,64.0,B,-5,25,6,8,10,20260713,14.98,20260714,14.57,+5.42,涨停热点,❌
20260710,600376,首开股份,-6.20,63.0,B,-5,22,6,17,10,20260713,3.55,20260714,3.33,-3.01,涨停热点,❌
20260710,001395,亚联机械,4.17,61.0,B,-5,24,6,13,10,20260713,28.80,20260714,30.00,+0.59,涨停热点,✅
20260713,600664,哈药股份,13.68,61.0,B,4,21,9,2,10,20260714,3.80,20260715,4.32,+2.43,涨停热点,✅
20260714,600227,赤天化,11.19,62.0,B,-5,21,6,10,10,20260715,2.68,20260716,2.98,+1.13,涨停热点,✅
20260714,603186,华正新材,-7.89,62.0,B,-5,19,12,13,10,20260715,183.60,20260716,169.12,+3.72,涨停热点,❌
20260715,002365,永安药业,12.45,64.0,B,4,25,15,2,10,20260716,12.45,20260717,14.00,+3.92,涨停热点,✅
20260715,600785,新华百货,8.85,60.0,B,-5,22,3,17,10,20260716,8.70,20260717,9.47,+2.72,涨停热点,✅
20260715,002940,昂利康,-1.17,60.0,B,-5,25,15,7,10,20260716,29.81,20260717,29.46,+3.01,涨停热点,❌
20260716,000892,欢瑞世纪,-7.49,62.0,B,-5,25,6,13,10,20260717,3.87,20260720,3.58,+0.00,涨停热点,❌
20260716,600203,福日电子,-12.80,61.0,B,-5,25,15,8,10,20260717,11.64,20260720,10.15,-2.35,涨停热点,❌
20260717,600644,乐山电力,8.24,61.0,B,7,22,12,2,10,20260720,9.10,20260721,9.85,+1.00,涨停热点,✅
20260717,001388,信通电子,4.21,61.0,B,-5,19,0,17,10,20260720,23.76,20260721,24.76,-3.96,涨停热点,✅
20260717,600744,华银电力,8.36,61.0,B,-5,19,12,5,10,20260720,6.46,20260721,7.00,+8.39,涨停热点,✅
20260720,600726,华电能源,-5.93,62.0,B,-5,5,15,17,10,20260721,6.24,20260722,5.87,+7.03,涨停热点,❌
20260720,000539,粤电力Ａ,-1.18,61.0,B,-5,19,15,9,10,20260721,5.92,20260722,5.85,+1.37,涨停热点,❌
20260720,600578,京能电力,2.27,62.0,B,-5,12,15,17,10,20260721,5.73,20260722,5.86,+0.17,涨停热点,✅
20260720,600396,华电辽能,0.00,63.0,B,-5,21,15,9,10,20260721,12.98,20260722,12.98,+1.25,涨停热点,❌
20260721,002156,通富微电,5.97,61.0,B,-5,18,17,8,10,20260722,71.71,20260723,75.99,+3.48,涨停热点,✅
20260721,000510,新金路,-1.33,64.0,B,-5,21,6,12,10,20260722,15.74,20260723,15.53,+1.55,涨停热点,❌
20260721,002167,东方锆业,-2.13,64.0,B,-5,22,0,17,10,20260722,17.37,20260723,17.00,+3.09,涨停热点,❌
20260721,002068,黑猫股份,-7.95,63.0,B,-5,21,0,17,10,20260722,8.18,20260723,7.53,+1.36,涨停热点,❌
20260721,002245,蔚蓝锂芯,-0.35,60.0,B,-5,23,3,9,10,20260722,17.00,20260723,16.94,-1.33,涨停热点,❌
20260721,603124,江南新材,3.06,60.0,B,-5,23,3,9,10,20260722,117.40,20260723,120.99,+2.13,涨停热点,✅
20260721,603663,三祥新材,-0.12,60.0,B,-5,17,6,12,10,20260722,42.90,20260723,42.85,+2.14,涨停热点,❌
20260518,000021,深科技,3.65,65.0,C,4,25,11,-3,10,20260519,37.03,20260520,38.38,+0.00,涨停热点,✅
20260522,000510,新金路,5.95,66.0,C,-5,25,6,10,10,20260525,15.62,20260526,16.55,+4.55,涨停热点,✅
20260525,003036,泰坦股份,3.69,66.0,C,4,25,10,2,10,20260526,57.98,20260527,60.12,+3.57,涨停热点,✅
20260528,600206,有研新材,-8.06,65.0,C,8,19,11,2,10,20260529,31.00,20260601,28.50,+0.19,涨停热点,❌
20260529,600857,宁波中百,3.75,65.0,C,4,22,12,2,10,20260601,14.94,20260602,15.50,-3.68,涨停热点,✅
20260601,603341,龙旗科技,-3.75,69.0,C,-5,22,17,5,10,20260602,40.00,20260603,38.50,+5.51,涨停热点,❌
20260610,002409,雅克科技,10.93,66.0,C,7,17,17,-3,10,20260611,126.22,20260612,140.01,+2.99,涨停热点,✅
20260610,600206,有研新材,10.08,66.0,C,3,21,17,-2,10,20260611,32.43,20260612,35.70,+0.59,涨停热点,✅
20260612,000759,中百集团,0.85,68.0,C,14,21,3,5,10,20260615,5.88,20260616,5.93,+0.86,涨停热点,✅
20260615,600520,三佳科技,1.72,65.0,C,-5,21,12,14,10,20260616,29.58,20260617,30.09,+0.00,涨停热点,✅
20260615,002635,安洁科技,4.34,65.0,C,-5,19,15,13,10,20260616,17.52,20260617,18.28,+0.40,涨停热点,✅
20260618,600671,天目药业,4.71,69.0,C,10,18,6,10,10,20260622,17.84,20260623,18.68,-0.67,涨停热点,✅
20260623,001225,和泰机电,-3.93,65.0,C,-5,25,13,17,10,20260624,45.80,20260625,44.00,+0.04,涨停热点,❌
20260623,603669,灵康药业,-4.40,66.0,C,4,21,15,1,10,20260624,5.68,20260625,5.43,+2.16,涨停热点,❌
20260629,600488,津药药业,-1.23,67.0,C,-5,22,12,8,10,20260630,4.89,20260701,4.83,+1.03,涨停热点,❌
20260629,002038,双鹭药业,2.46,66.0,C,-5,19,12,10,10,20260630,5.68,20260701,5.82,+1.79,涨停热点,✅
20260629,002437,誉衡药业,-1.82,68.0,C,-5,22,12,9,10,20260630,2.75,20260701,2.70,+3.00,涨停热点,❌
20260701,603538,美诺华,11.61,68.0,C,-5,25,15,10,10,20260702,38.25,20260703,42.69,+6.81,涨停热点,✅
20260708,603296,华勤技术,6.44,68.0,C,-5,22,11,17,10,20260709,76.72,20260710,81.66,-2.01,涨停热点,✅
20260709,002490,山东墨龙,5.34,65.0,C,-5,25,6,16,10,20260710,7.31,20260713,7.70,-4.69,涨停热点,✅
20260715,000722,湖南发展,0.83,67.0,C,-5,19,6,17,10,20260716,12.08,20260717,12.18,+0.67,涨停热点,✅
20260715,000566,海南海药,6.97,65.0,C,-5,25,15,7,10,20260716,5.31,20260717,5.68,+3.11,涨停热点,✅
20260717,000037,深南电A,6.52,67.0,C,-5,25,12,12,10,20260720,9.20,20260721,9.80,+0.00,涨停热点,✅
20260720,600744,华银电力,-1.71,67.0,C,-5,24,15,10,10,20260721,7.00,20260722,6.88,+6.71,涨停热点,❌
20260720,000767,晋控电力,-1.82,68.0,C,-5,22,15,13,10,20260721,3.85,20260722,3.78,+2.39,涨停热点,❌
20260721,603773,沃格光电,-0.09,66.0,C,-5,19,10,12,10,20260722,84.90,20260723,84.82,+0.30,涨停热点,❌
20260721,603516,淳中科技,2.34,66.0,C,-5,22,6,13,10,20260722,90.52,20260723,92.64,-0.63,涨停热点,✅
20260721,000021,深科技,2.10,66.0,C,-5,18,11,12,10,20260722,39.43,20260723,40.26,+2.02,涨停热点,✅
20260721,002008,大族激光,1.96,65.0,C,-5,20,6,14,10,20260722,104.45,20260723,106.50,+3.53,涨停热点,✅
20260721,002484,江海股份,-0.37,65.0,C,-5,21,10,9,10,20260722,72.55,20260723,72.28,+0.00,涨停热点,❌
20260721,002669,康达新材,-2.11,66.0,C,-5,18,6,17,10,20260722,11.38,20260723,11.14,-0.52,涨停热点,❌
20260721,603306,华懋科技,-0.20,69.0,C,-5,21,10,13,10,20260722,71.00,20260723,70.86,+0.50,涨停热点,❌
20260721,600206,有研新材,4.23,69.0,C,-5,15,17,12,10,20260722,39.45,20260723,41.12,-0.03,涨停热点,✅
20260721,000603,盛达资源,12.26,69.0,C,-5,21,6,17,10,20260722,20.88,20260723,23.44,+1.75,涨停热点,✅
20260721,603061,金海通,-0.73,68.0,C,-5,17,17,9,10,20260722,322.00,20260723,319.66,+3.41,涨停热点,❌
20260721,600330,天通股份,2.57,66.0,C,-5,18,6,17,10,20260722,19.04,20260723,19.53,-0.47,涨停热点,✅
20260525,002185,华天科技,5.78,71.0,D,4,25,17,-3,10,20260526,18.67,20260527,19.75,+10.02,涨停热点,✅
20260527,002971,和远气体,-1.77,70.0,D,-5,25,3,17,10,20260528,35.08,20260529,34.46,-0.03,涨停热点,❌
20260611,603991,领先股份,-0.13,73.0,D,-6,21,17,10,10,20260612,123.93,20260615,123.77,+3.09,涨停热点,❌
20260615,002990,盛视科技,6.49,70.0,D,-5,25,6,14,10,20260616,52.52,20260617,55.93,+6.19,涨停热点,✅
20260618,603956,威派格,3.82,74.0,D,-5,19,13,17,10,20260622,4.98,20260623,5.17,+0.00,涨停热点,✅
20260622,600470,六国化工,4.71,76.0,D,11,23,10,14,10,20260623,6.16,20260624,6.45,+4.23,涨停热点,✅
20260623,600488,津药药业,-0.62,71.0,D,-5,22,15,9,10,20260624,4.87,20260625,4.84,-2.01,涨停热点,❌
20260629,002728,特一药业,1.79,72.0,D,7,16,10,14,10,20260630,8.95,20260701,9.11,+1.70,涨停热点,✅
20260629,000756,新华制药,3.12,71.0,D,-5,16,12,18,10,20260630,13.46,20260701,13.88,-0.96,涨停热点,✅
20260629,000566,海南海药,5.60,79.0,D,4,25,12,13,10,20260630,4.64,20260701,4.90,+2.20,涨停热点,✅
20260708,002490,山东墨龙,-0.68,70.0,D,-5,25,3,17,10,20260709,7.36,20260710,7.31,+5.60,涨停热点,❌
20260710,603538,美诺华,0.65,71.0,D,-5,19,10,17,10,20260713,31.00,20260714,31.20,+0.39,涨停热点,✅
20260721,605111,新洁能,3.21,79.0,D,-5,25,17,12,10,20260722,54.89,20260723,56.65,+1.93,涨停热点,✅
20260721,002213,大为股份,7.58,77.0,D,-5,23,17,12,10,20260722,25.98,20260723,27.95,+3.96,涨停热点,✅
20260721,002409,雅克科技,3.80,76.0,D,-5,25,17,9,10,20260722,146.42,20260723,151.98,+2.00,涨停热点,✅
20260721,600460,士兰微,2.59,75.0,D,-5,21,17,12,10,20260722,32.87,20260723,33.72,+0.00,涨停热点,✅
20260721,002273,水晶光电,-1.27,74.0,D,-5,22,10,17,10,20260722,27.56,20260723,27.21,+0.00,涨停热点,❌
20260721,603005,晶方科技,2.83,74.0,D,-5,18,17,14,10,20260722,31.10,20260723,31.98,+0.16,涨停热点,✅
20260721,600641,先导基电,3.03,73.0,D,-5,19,17,12,10,20260722,31.00,20260723,31.94,-2.61,涨停热点,✅
20260721,600552,凯盛科技,2.85,72.0,D,-5,23,10,14,10,20260722,16.15,20260723,16.61,+0.50,涨停热点,✅
20260721,002745,木林森,2.20,72.0,D,-5,20,10,17,10,20260722,10.93,20260723,11.17,+0.09,涨停热点,✅
20260721,603986,兆易创新,0.01,72.0,D,-5,21,17,9,10,20260722,479.94,20260723,480.00,+0.93,涨停热点,✅
20260721,603629,利通电子,9.95,70.0,D,-5,25,11,9,10,20260722,114.00,20260723,125.34,+5.97,涨停热点,✅
20260721,002138,顺络电子,-0.43,70.0,D,-5,23,10,12,10,20260722,43.97,20260723,43.78,+4.97,涨停热点,❌
